Organism_ID,Reaction_ID
ANA3,rxn08233_c0
ANA3,EX_cpd00030_e0
ANA3,EX_cpd00099_e0
ANA3,rxn05481_c0
ANA3,EX_cpd01981_e0
ANA3,rxn05039_c0
ANA3,rxn01265_c0
ANA3,rxn03087_c0
ANA3,rxn00599_c0
ANA3,rxn00141_c0
ANA3,rxn00467_c0
ANA3,rxn05618_c0
ANA3,rxn02185_c0
ANA3,rxn00979_c0
ANA3,rxn00333_c0
ANA3,rxn01213_c0
ANA3,rxn09429_c0
BFirm,rxn01258_c0
BFirm,rxn02056_c0
BFirm,rxn05039_c0
BFirm,rxn00127_c0
BFirm,rxn02898_c0
BFirm,rxn02774_c0
BFirm,rxn02304_c0
BFirm,rxn02832_c0
BFirm,rxn02185_c0
BFirm,rxn09310_c0
BFirm,rxn08444_c0
BFirm,rxn02831_c0
BFirm,EX_cpd01981_e0
BFirm,rxn00137_c0
BFirm,rxn00340_c0
BFirm,rxn05459_c0
BFirm,rxn11702_c0
BFirm,rxn00068_c0
BFirm,rxn05144_c0
BFirm,rxn11703_c0
BFirm,rxn10094_c0
BFirm,rxn08333_c0
BFirm,EX_cpd15378_e0
BFirm,rxn12376_c0
BFirm,rxn05481_c0
BFirm,rxn04139_c0
BFirm,rxn03397_c0
BFirm,rxn00599_c0
BFirm,rxn00979_c0
BFirm,rxn01213_c0
Bifido,rxn00693_c0
Bifido,rxn01258_c0
Bifido,rxn05744_c0
Bifido,rxn00141_c0
Bifido,rxn06723_c0
Bifido,rxn00953_c0
Bifido,rxn00359_c0
Bifido,rxn02831_c0
Bifido,rxn02404_c0
Bifido,rxn03841_c0
Bifido,rxn00340_c0
Bifido,rxn05651_c0
Bifido,rxn12512_c0
Bifido,rxn01117_c0
Bifido,rxn03080_c0
Bifido,rxn00224_c0
Bifido,rxn03182_c0
Bifido,rxn11703_c0
Bifido,rxn13846_c0
Bifido,rxn00350_c0
Bifido,rxn00029_c0
Bifido,rxn05333_c0
Bifido,rxn02288_c0
Bifido,rxn00470_c0
Bifido,rxn02303_c0
Bifido,rxn03393_c0
Bifido,rxn05329_c0
Bifido,rxn02287_c0
Bifido,rxn00128_c0
Bifido,rxn02405_c0
Bifido,rxn02898_c0
Bifido,rxn02774_c0
Bifido,rxn03167_c0
Bifido,rxn02185_c0
Bifido,rxn00912_c0
Bifido,rxn02341_c0
Bifido,rxn05287_c0
Bifido,rxn10336_c0
Bifido,rxn02264_c0
Bifido,rxn03159_c0
Bifido,rxn00272_c0
Bifido,rxn00300_c0
Bifido,rxn03892_c0
Bifido,rxn00346_c0
Bifido,rxn09128_c0
Bifido,rxn03394_c0
Bifido,EX_cpd00048_e0
Bifido,rxn09210_c0
Bifido,rxn09202_c0
Bifido,rxn10094_c0
Bifido,rxn03395_c0
Bifido,rxn09106_c0
Bifido,rxn04139_c0
Bifido,rxn03537_c0
Bifido,rxn02011_c0
Bifido,rxn01257_c0
Bifido,rxn13850_c0
Bifido,rxn01673_c0
Bifido,rxn01512_c0
Bifido,rxn05039_c0
Bifido,rxn09997_c0
Bifido,rxn00409_c0
Bifido,rxn03130_c0
Bifido,rxn00623_c0
Bifido,rxn02832_c0
Bifido,rxn03891_c0
Bifido,rxn00137_c0
Bifido,rxn08528_c0
Bifido,rxn00966_c0
Bifido,rxn01790_c0
Bifido,rxn00237_c0
Bifido,rxn03439_c0
Bifido,rxn11946_c0
Bifido,rxn02897_c0
Bifido,rxn00060_c0
Bifido,rxn01791_c0
Bifido,rxn00068_c0
Bifido,rxn05331_c0
Bifido,rxn05293_c0
Bifido,rxn04308_c0
Bifido,EX_cpd15378_e0
Bifido,rxn05514_c0
Bifido,rxn03538_c0
Bifido,rxn00738_c0
Bifido,rxn03146_c0
Bifido,rxn05291_c0
Bifido,rxn03397_c0
Bifido,rxn00650_c0
Bifido,rxn05457_c0
Bifido,rxn03536_c0
Bifido,rxn02474_c0
Bifido,rxn01213_c0
Bifido,rxn12224_c0
Bifido,rxn02056_c0
Bifido,rxn05334_c0
Bifido,rxn00127_c0
Bifido,rxn00117_c0
Bifido,rxn09310_c0
Bifido,rxn09180_c0
Bifido,rxn03150_c0
Bifido,rxn01406_c0
Bifido,rxn01466_c0
Bifido,rxn03181_c0
Bifido,rxn05040_c0
Bifido,rxn05330_c0
Bifido,rxn06865_c0
Bifido,rxn02475_c0
Bifido,rxn11702_c0
Bifido,rxn09429_c0
Bifido,rxn02160_c0
Bifido,rxn05029_c0
Bifido,rxn06729_c0
Bifido,rxn03893_c0
Bifido,rxn00048_c0
Bifido,rxn12376_c0
Bifido,rxn05465_c0
Bifido,rxn03843_c0
Bifido,EX_cpd00063_e0
Bifido,rxn02331_c0
Bifido,rxn12008_c0
Bifido,rxn00599_c0
Bifido,rxn00336_c0
Bifido,rxn01539_c0
Brev2,rxn01258_c0
Brev2,rxn05039_c0
Brev2,rxn02898_c0
Brev2,rxn05149_c0
Brev2,rxn03901_c0
Brev2,rxn00957_c0
Brev2,rxn02304_c0
Brev2,rxn02832_c0
Brev2,EX_cpd00030_e0
Brev2,rxn02185_c0
Brev2,rxn09310_c0
Brev2,rxn03891_c0
Brev2,rxn02831_c0
Brev2,rxn05287_c0
Brev2,EX_cpd00099_e0
Brev2,rxn10204_c0
Brev2,rxn02404_c0
Brev2,rxn10336_c0
Brev2,rxn03150_c0
Brev2,rxn01301_c0
Brev2,rxn01790_c0
Brev2,rxn05459_c0
Brev2,rxn11702_c0
Brev2,rxn03892_c0
Brev2,rxn12239_c0
Brev2,rxn03394_c0
Brev2,rxn02897_c0
Brev2,rxn09210_c0
Brev2,rxn09202_c0
Brev2,rxn05144_c0
Brev2,rxn11703_c0
Brev2,rxn10094_c0
Brev2,rxn08333_c0
Brev2,rxn09106_c0
Brev2,rxn05514_c0
Brev2,rxn03538_c0
Brev2,rxn08233_c0
Brev2,EX_cpd00063_e0
Brev2,rxn04139_c0
Brev2,rxn12008_c0
Brev2,rxn03087_c0
Brev2,rxn03537_c0
Brev2,rxn03397_c0
Brev2,rxn03536_c0
Brev2,rxn00979_c0
Brev2,rxn10213_c0
Brev2,rxn00333_c0
Brev2,rxn01213_c0
Btheta,rxn12224_c0
Btheta,rxn04794_c0
Btheta,rxn06023_c0
Btheta,rxn01505_c0
Btheta,rxn05039_c0
Btheta,rxn02056_c0
Btheta,rxn02774_c0
Btheta,rxn00623_c0
Btheta,rxn03436_c0
Btheta,rxn01513_c0
Btheta,rxn02304_c0
Btheta,rxn02185_c0
Btheta,rxn09310_c0
Btheta,rxn09113_c0
Btheta,rxn03891_c0
Btheta,rxn05287_c0
Btheta,rxn10204_c0
Btheta,rxn00333_c0
Btheta,rxn10336_c0
Btheta,rxn03150_c0
Btheta,rxn02186_c0
Btheta,rxn08528_c0
Btheta,rxn00330_c0
Btheta,rxn01466_c0
Btheta,rxn01972_c0
Btheta,rxn03086_c0
Btheta,rxn01019_c0
Btheta,rxn03892_c0
Btheta,rxn11946_c0
Btheta,rxn12239_c0
Btheta,rxn10213_c0
Btheta,rxn03394_c0
Btheta,rxn02897_c0
Btheta,rxn00224_c0
Btheta,rxn00060_c0
Btheta,rxn00467_c0
Btheta,rxn05293_c0
Btheta,rxn03893_c0
Btheta,rxn11703_c0
Btheta,rxn00350_c0
Btheta,rxn00029_c0
Btheta,rxn05514_c0
Btheta,rxn00958_c0
Btheta,rxn03538_c0
Btheta,rxn03395_c0
Btheta,rxn02288_c0
Btheta,rxn00470_c0
Btheta,rxn03030_c0
Btheta,rxn02303_c0
Btheta,rxn03393_c0
Btheta,rxn03435_c0
Btheta,EX_cpd00063_e0
Btheta,rxn00293_c0
Btheta,rxn00615_c0
Btheta,rxn04139_c0
Btheta,rxn12008_c0
Btheta,rxn03537_c0
Btheta,rxn00599_c0
Btheta,rxn03536_c0
Btheta,rxn00979_c0
Btheta,rxn02287_c0
Btheta,rxn01331_c0
Btheta,rxn05229_c0
Btheta,rxn01213_c0
Burk376,rxn01258_c0
Burk376,rxn02056_c0
Burk376,rxn05039_c0
Burk376,rxn00127_c0
Burk376,rxn02898_c0
Burk376,rxn02774_c0
Burk376,rxn02304_c0
Burk376,rxn02832_c0
Burk376,rxn02185_c0
Burk376,rxn09310_c0
Burk376,rxn02831_c0
Burk376,rxn10204_c0
Burk376,EX_cpd01981_e0
Burk376,rxn00137_c0
Burk376,rxn00340_c0
Burk376,rxn11702_c0
Burk376,rxn00068_c0
Burk376,rxn05144_c0
Burk376,rxn11703_c0
Burk376,rxn10094_c0
Burk376,rxn08333_c0
Burk376,EX_cpd15378_e0
Burk376,rxn12376_c0
Burk376,rxn05481_c0
Burk376,rxn04139_c0
Burk376,rxn03397_c0
Burk376,rxn00599_c0
Burk376,rxn00979_c0
Burk376,rxn10213_c0
Burk376,rxn01213_c0
Burk376,rxn09427_c0
Burkholderia_OAS925,rxn01258_c0
Burkholderia_OAS925,rxn02056_c0
Burkholderia_OAS925,rxn05039_c0
Burkholderia_OAS925,rxn00127_c0
Burkholderia_OAS925,rxn02898_c0
Burkholderia_OAS925,rxn02774_c0
Burkholderia_OAS925,rxn02304_c0
Burkholderia_OAS925,rxn02832_c0
Burkholderia_OAS925,rxn02185_c0
Burkholderia_OAS925,rxn09310_c0
Burkholderia_OAS925,rxn02831_c0
Burkholderia_OAS925,rxn10204_c0
Burkholderia_OAS925,EX_cpd01981_e0
Burkholderia_OAS925,rxn00137_c0
Burkholderia_OAS925,rxn00340_c0
Burkholderia_OAS925,rxn05459_c0
Burkholderia_OAS925,rxn11702_c0
Burkholderia_OAS925,rxn00068_c0
Burkholderia_OAS925,rxn05144_c0
Burkholderia_OAS925,rxn11703_c0
Burkholderia_OAS925,rxn10094_c0
Burkholderia_OAS925,rxn08333_c0
Burkholderia_OAS925,EX_cpd15378_e0
Burkholderia_OAS925,rxn03538_c0
Burkholderia_OAS925,rxn12376_c0
Burkholderia_OAS925,rxn05481_c0
Burkholderia_OAS925,rxn04139_c0
Burkholderia_OAS925,rxn03397_c0
Burkholderia_OAS925,rxn00599_c0
Burkholderia_OAS925,rxn00979_c0
Burkholderia_OAS925,rxn01213_c0
Bvulgatus_CL09T03C04,rxn12224_c0
Bvulgatus_CL09T03C04,rxn06023_c0
Bvulgatus_CL09T03C04,rxn01505_c0
Bvulgatus_CL09T03C04,rxn05039_c0
Bvulgatus_CL09T03C04,rxn02056_c0
Bvulgatus_CL09T03C04,rxn02774_c0
Bvulgatus_CL09T03C04,rxn00141_c0
Bvulgatus_CL09T03C04,rxn00623_c0
Bvulgatus_CL09T03C04,rxn03436_c0
Bvulgatus_CL09T03C04,rxn00957_c0
Bvulgatus_CL09T03C04,rxn01513_c0
Bvulgatus_CL09T03C04,rxn02304_c0
Bvulgatus_CL09T03C04,rxn02185_c0
Bvulgatus_CL09T03C04,rxn09310_c0
Bvulgatus_CL09T03C04,rxn09113_c0
Bvulgatus_CL09T03C04,rxn03891_c0
Bvulgatus_CL09T03C04,rxn05287_c0
Bvulgatus_CL09T03C04,rxn00778_c0
Bvulgatus_CL09T03C04,rxn10204_c0
Bvulgatus_CL09T03C04,rxn10336_c0
Bvulgatus_CL09T03C04,rxn02186_c0
Bvulgatus_CL09T03C04,rxn08528_c0
Bvulgatus_CL09T03C04,rxn01466_c0
Bvulgatus_CL09T03C04,rxn01972_c0
Bvulgatus_CL09T03C04,rxn00272_c0
Bvulgatus_CL09T03C04,rxn03086_c0
Bvulgatus_CL09T03C04,rxn05902_c0
Bvulgatus_CL09T03C04,rxn01019_c0
Bvulgatus_CL09T03C04,rxn03892_c0
Bvulgatus_CL09T03C04,rxn11946_c0
Bvulgatus_CL09T03C04,rxn12239_c0
Bvulgatus_CL09T03C04,rxn10213_c0
Bvulgatus_CL09T03C04,rxn03394_c0
Bvulgatus_CL09T03C04,rxn00224_c0
Bvulgatus_CL09T03C04,rxn00060_c0
Bvulgatus_CL09T03C04,rxn05144_c0
Bvulgatus_CL09T03C04,rxn05293_c0
Bvulgatus_CL09T03C04,rxn03893_c0
Bvulgatus_CL09T03C04,rxn11703_c0
Bvulgatus_CL09T03C04,rxn00350_c0
Bvulgatus_CL09T03C04,rxn02401_c0
Bvulgatus_CL09T03C04,rxn05514_c0
Bvulgatus_CL09T03C04,rxn00029_c0
Bvulgatus_CL09T03C04,rxn09106_c0
Bvulgatus_CL09T03C04,rxn03395_c0
Bvulgatus_CL09T03C04,rxn02288_c0
Bvulgatus_CL09T03C04,rxn00470_c0
Bvulgatus_CL09T03C04,rxn10199_c0
Bvulgatus_CL09T03C04,rxn03030_c0
Bvulgatus_CL09T03C04,rxn02303_c0
Bvulgatus_CL09T03C04,rxn03393_c0
Bvulgatus_CL09T03C04,rxn03435_c0
Bvulgatus_CL09T03C04,EX_cpd00063_e0
Bvulgatus_CL09T03C04,rxn00293_c0
Bvulgatus_CL09T03C04,rxn04139_c0
Bvulgatus_CL09T03C04,rxn12008_c0
Bvulgatus_CL09T03C04,rxn00599_c0
Bvulgatus_CL09T03C04,rxn02287_c0
Bvulgatus_CL09T03C04,rxn00333_c0
Bvulgatus_CL09T03C04,rxn05229_c0
Bvulgatus_CL09T03C04,rxn01213_c0
CL21,rxn01258_c0
CL21,rxn02056_c0
CL21,rxn05039_c0
CL21,rxn02898_c0
CL21,rxn02774_c0
CL21,rxn02304_c0
CL21,rxn02832_c0
CL21,rxn02185_c0
CL21,rxn09310_c0
CL21,rxn02831_c0
CL21,EX_cpd01981_e0
CL21,rxn00137_c0
CL21,rxn00340_c0
CL21,rxn05459_c0
CL21,rxn11702_c0
CL21,rxn05144_c0
CL21,rxn11703_c0
CL21,rxn10094_c0
CL21,rxn08333_c0
CL21,EX_cpd15378_e0
CL21,rxn12376_c0
CL21,rxn05481_c0
CL21,rxn04139_c0
CL21,rxn00134_c0
CL21,rxn03397_c0
CL21,rxn00599_c0
CL21,rxn00979_c0
CL21,rxn10213_c0
CL21,rxn01213_c0
Caulo,rxn12224_c0
Caulo,rxn04413_c0
Caulo,rxn01258_c0
Caulo,rxn05039_c0
Caulo,rxn02898_c0
Caulo,rxn00127_c0
Caulo,rxn05618_c0
Caulo,rxn00957_c0
Caulo,rxn02304_c0
Caulo,rxn02832_c0
Caulo,rxn02185_c0
Caulo,EX_cpd00030_e0
Caulo,rxn09310_c0
Caulo,rxn03891_c0
Caulo,rxn02831_c0
Caulo,rxn02404_c0
Caulo,EX_cpd01981_e0
Caulo,rxn02939_c0
Caulo,rxn10336_c0
Caulo,rxn03150_c0
Caulo,rxn01406_c0
Caulo,rxn00340_c0
Caulo,rxn00333_c0
Caulo,rxn05459_c0
Caulo,EX_cpd00034_e0
Caulo,rxn11702_c0
Caulo,rxn12239_c0
Caulo,rxn03394_c0
Caulo,rxn13477_c0
Caulo,rxn09210_c0
Caulo,rxn09202_c0
Caulo,rxn11703_c0
Caulo,rxn10094_c0
Caulo,rxn08333_c0
Caulo,rxn09106_c0
Caulo,rxn05514_c0
Caulo,rxn03538_c0
Caulo,rxn05481_c0
Caulo,EX_cpd00063_e0
Caulo,rxn12008_c0
Caulo,rxn01265_c0
Caulo,rxn03087_c0
Caulo,rxn05150_c0
Caulo,rxn03537_c0
Caulo,rxn03397_c0
Caulo,rxn00979_c0
Caulo,rxn10213_c0
Caulo,rxn01331_c0
Caulo,rxn01213_c0
Cola,rxn12224_c0
Cola,rxn06023_c0
Cola,rxn01505_c0
Cola,rxn05039_c0
Cola,rxn09997_c0
Cola,rxn00127_c0
Cola,rxn00957_c0
Cola,rxn01513_c0
Cola,rxn02304_c0
Cola,rxn02185_c0
Cola,rxn09310_c0
Cola,rxn09113_c0
Cola,rxn03891_c0
Cola,rxn05287_c0
Cola,rxn02939_c0
Cola,rxn10336_c0
Cola,rxn03841_c0
Cola,rxn01406_c0
Cola,rxn08528_c0
Cola,rxn01466_c0
Cola,rxn01790_c0
Cola,rxn05459_c0
Cola,rxn01019_c0
Cola,rxn03892_c0
Cola,rxn11946_c0
Cola,rxn12239_c0
Cola,rxn10213_c0
Cola,rxn03394_c0
Cola,rxn03893_c0
Cola,rxn11703_c0
Cola,rxn03395_c0
Cola,rxn09106_c0
Cola,rxn00470_c0
Cola,rxn03393_c0
Cola,rxn00293_c0
Cola,rxn04139_c0
Cola,rxn12008_c0
Cola,rxn00738_c0
Cola,rxn03087_c0
Cola,rxn00599_c0
Cola,rxn01539_c0
Cola,rxn00128_c0
Cola,rxn01331_c0
Cola,rxn01213_c0
Cup4G11,rxn01258_c0
Cup4G11,rxn02056_c0
Cup4G11,rxn05039_c0
Cup4G11,rxn02898_c0
Cup4G11,rxn02774_c0
Cup4G11,rxn02304_c0
Cup4G11,rxn02832_c0
Cup4G11,rxn02185_c0
Cup4G11,rxn09310_c0
Cup4G11,rxn08444_c0
Cup4G11,rxn02831_c0
Cup4G11,rxn02404_c0
Cup4G11,EX_cpd01981_e0
Cup4G11,rxn00137_c0
Cup4G11,rxn00340_c0
Cup4G11,rxn05459_c0
Cup4G11,rxn11702_c0
Cup4G11,rxn05144_c0
Cup4G11,rxn11703_c0
Cup4G11,rxn10094_c0
Cup4G11,rxn08333_c0
Cup4G11,EX_cpd15378_e0
Cup4G11,rxn12376_c0
Cup4G11,rxn05481_c0
Cup4G11,rxn04139_c0
Cup4G11,rxn03397_c0
Cup4G11,rxn00599_c0
Cup4G11,rxn00979_c0
Cup4G11,rxn01213_c0
Dda3937,rxn03393_c0
Dda3937,rxn03150_c0
Dda3937,rxn00340_c0
Dda3937,rxn03537_c0
Dda3937,rxn02897_c0
Dda3937,rxn00599_c0
Dda3937,rxn00141_c0
Dda3937,rxn05459_c0
Dda3937,rxn00979_c0
Dda3937,rxn03538_c0
Dda3937,rxn00333_c0
Dda3937,rxn02185_c0
Ddia6719,rxn08233_c0
Ddia6719,EX_cpd00099_e0
Ddia6719,rxn03150_c0
Ddia6719,rxn03537_c0
Ddia6719,rxn02897_c0
Ddia6719,rxn00599_c0
Ddia6719,rxn00141_c0
Ddia6719,rxn05459_c0
Ddia6719,rxn00979_c0
Ddia6719,rxn03538_c0
Ddia6719,rxn00333_c0
Ddia6719,rxn02185_c0
DdiaME23,rxn08233_c0
DdiaME23,EX_cpd00099_e0
DdiaME23,rxn03150_c0
DdiaME23,rxn09128_c0
DdiaME23,rxn03537_c0
DdiaME23,rxn02897_c0
DdiaME23,rxn00599_c0
DdiaME23,rxn00141_c0
DdiaME23,rxn05459_c0
DdiaME23,rxn00979_c0
DdiaME23,rxn03538_c0
DdiaME23,rxn00333_c0
DdiaME23,rxn02185_c0
Dino,rxn00693_c0
Dino,rxn01258_c0
Dino,rxn05039_c0
Dino,EX_cpd00254_e0
Dino,rxn00338_c0
Dino,rxn00127_c0
Dino,rxn02898_c0
Dino,rxn05166_c0
Dino,rxn02988_c0
Dino,rxn02304_c0
Dino,rxn02832_c0
Dino,rxn02185_c0
Dino,rxn09310_c0
Dino,rxn03891_c0
Dino,rxn02831_c0
Dino,rxn05287_c0
Dino,EX_cpd00099_e0
Dino,rxn10204_c0
Dino,rxn02404_c0
Dino,rxn02939_c0
Dino,rxn03841_c0
Dino,rxn01406_c0
Dino,rxn03150_c0
Dino,rxn00340_c0
Dino,rxn05459_c0
Dino,rxn11702_c0
Dino,rxn03892_c0
Dino,rxn02402_c0
Dino,rxn12239_c0
Dino,rxn10213_c0
Dino,rxn03394_c0
Dino,rxn00068_c0
Dino,rxn05235_c0
Dino,rxn11703_c0
Dino,rxn10094_c0
Dino,rxn08333_c0
Dino,rxn05514_c0
Dino,rxn00958_c0
Dino,rxn08233_c0
Dino,rxn03393_c0
Dino,EX_cpd00063_e0
Dino,rxn12008_c0
Dino,rxn00738_c0
Dino,rxn00128_c0
Dino,rxn05616_c0
Dino,rxn03397_c0
Dino,EX_cpd00149_e0
Dino,rxn01539_c0
Dino,rxn00979_c0
Dino,rxn01257_c0
Dino,rxn01331_c0
Dino,rxn01213_c0
Dino,rxn01508_c0
Dyella79,rxn00420_c0
Dyella79,rxn06023_c0
Dyella79,rxn01258_c0
Dyella79,rxn05039_c0
Dyella79,rxn02898_c0
Dyella79,rxn02304_c0
Dyella79,rxn05108_c0
Dyella79,rxn02832_c0
Dyella79,rxn02185_c0
Dyella79,rxn09310_c0
Dyella79,rxn02831_c0
Dyella79,rxn05459_c0
Dyella79,EX_cpd00034_e0
Dyella79,rxn11702_c0
Dyella79,rxn12239_c0
Dyella79,rxn00193_c0
Dyella79,rxn05144_c0
Dyella79,rxn11703_c0
Dyella79,rxn10094_c0
Dyella79,rxn08333_c0
Dyella79,rxn05514_c0
Dyella79,rxn00958_c0
Dyella79,rxn00422_c0
Dyella79,rxn03393_c0
Dyella79,rxn04139_c0
Dyella79,rxn00134_c0
Dyella79,EX_cpd00063_e0
Dyella79,rxn05150_c0
Dyella79,rxn03087_c0
Dyella79,rxn03397_c0
Dyella79,rxn00599_c0
Dyella79,rxn00979_c0
Dyella79,rxn10213_c0
Dyella79,rxn00333_c0
Dyella79,rxn01213_c0
HerbieS,rxn01258_c0
HerbieS,rxn02056_c0
HerbieS,rxn05039_c0
HerbieS,rxn00127_c0
HerbieS,rxn02898_c0
HerbieS,rxn02774_c0
HerbieS,rxn02304_c0
HerbieS,rxn02832_c0
HerbieS,rxn02185_c0
HerbieS,rxn09310_c0
HerbieS,rxn02831_c0
HerbieS,EX_cpd01981_e0
HerbieS,rxn00137_c0
HerbieS,rxn05459_c0
HerbieS,rxn11702_c0
HerbieS,rxn05144_c0
HerbieS,rxn11703_c0
HerbieS,rxn10094_c0
HerbieS,rxn08333_c0
HerbieS,EX_cpd15378_e0
HerbieS,rxn05514_c0
HerbieS,rxn12376_c0
HerbieS,rxn05481_c0
HerbieS,rxn04139_c0
HerbieS,EX_cpd00063_e0
HerbieS,rxn03397_c0
HerbieS,rxn00599_c0
HerbieS,rxn00979_c0
HerbieS,rxn10213_c0
HerbieS,rxn01213_c0
Keio,EX_cpd01981_e0
Keio,rxn05481_c0
Keio,rxn00599_c0
Keio,rxn05459_c0
Keio,rxn02185_c0
Korea,rxn01258_c0
Korea,rxn02405_c0
Korea,rxn05039_c0
Korea,EX_cpd00254_e0
Korea,rxn02898_c0
Korea,rxn03130_c0
Korea,rxn05166_c0
Korea,rxn05149_c0
Korea,rxn06723_c0
Korea,rxn00957_c0
Korea,rxn02304_c0
Korea,rxn02832_c0
Korea,rxn02185_c0
Korea,EX_cpd00030_e0
Korea,rxn09310_c0
Korea,rxn03891_c0
Korea,rxn02831_c0
Korea,EX_cpd00099_e0
Korea,rxn10204_c0
Korea,rxn02404_c0
Korea,rxn03841_c0
Korea,rxn05153_c0
Korea,rxn03159_c0
Korea,rxn03181_c0
Korea,rxn01790_c0
Korea,rxn06865_c0
Korea,rxn05459_c0
Korea,EX_cpd00034_e0
Korea,rxn11702_c0
Korea,rxn03439_c0
Korea,rxn01117_c0
Korea,rxn12239_c0
Korea,rxn03394_c0
Korea,rxn06729_c0
Korea,rxn13477_c0
Korea,EX_cpd00048_e0
Korea,rxn03182_c0
Korea,rxn05144_c0
Korea,rxn11703_c0
Korea,rxn10094_c0
Korea,rxn08333_c0
Korea,rxn09106_c0
Korea,rxn05514_c0
Korea,rxn08233_c0
Korea,rxn03393_c0
Korea,EX_cpd00063_e0
Korea,rxn00134_c0
Korea,rxn02331_c0
Korea,rxn01265_c0
Korea,rxn12008_c0
Korea,rxn03087_c0
Korea,rxn05150_c0
Korea,rxn03146_c0
Korea,rxn05616_c0
Korea,rxn03397_c0
Korea,EX_cpd00149_e0
Korea,rxn00979_c0
Korea,rxn10213_c0
Korea,rxn00656_c0
Korea,rxn01213_c0
Koxy,rxn00333_c0
Koxy,rxn00599_c0
Koxy,rxn05459_c0
Koxy,rxn01520_c0
Koxy,rxn02185_c0
Lysobacter_OAE881,rxn03958_c0
Lysobacter_OAE881,rxn01258_c0
Lysobacter_OAE881,rxn06023_c0
Lysobacter_OAE881,rxn05039_c0
Lysobacter_OAE881,rxn02898_c0
Lysobacter_OAE881,rxn05618_c0
Lysobacter_OAE881,rxn01739_c0
Lysobacter_OAE881,rxn00957_c0
Lysobacter_OAE881,rxn02304_c0
Lysobacter_OAE881,rxn02832_c0
Lysobacter_OAE881,rxn02341_c0
Lysobacter_OAE881,rxn02185_c0
Lysobacter_OAE881,EX_cpd00030_e0
Lysobacter_OAE881,rxn09310_c0
Lysobacter_OAE881,rxn02831_c0
Lysobacter_OAE881,EX_cpd00099_e0
Lysobacter_OAE881,rxn02264_c0
Lysobacter_OAE881,rxn09177_c0
Lysobacter_OAE881,rxn02929_c0
Lysobacter_OAE881,rxn05459_c0
Lysobacter_OAE881,EX_cpd00034_e0
Lysobacter_OAE881,rxn11702_c0
Lysobacter_OAE881,rxn12239_c0
Lysobacter_OAE881,rxn00193_c0
Lysobacter_OAE881,rxn05144_c0
Lysobacter_OAE881,rxn11703_c0
Lysobacter_OAE881,rxn10094_c0
Lysobacter_OAE881,rxn08333_c0
Lysobacter_OAE881,rxn09106_c0
Lysobacter_OAE881,rxn08233_c0
Lysobacter_OAE881,rxn03393_c0
Lysobacter_OAE881,rxn04139_c0
Lysobacter_OAE881,rxn00134_c0
Lysobacter_OAE881,rxn01265_c0
Lysobacter_OAE881,rxn03087_c0
Lysobacter_OAE881,rxn05150_c0
Lysobacter_OAE881,rxn03397_c0
Lysobacter_OAE881,rxn01022_c0
Lysobacter_OAE881,rxn00599_c0
Lysobacter_OAE881,rxn03909_c0
Lysobacter_OAE881,rxn00979_c0
Lysobacter_OAE881,rxn10213_c0
Lysobacter_OAE881,rxn01213_c0
MR1,rxn08233_c0
MR1,EX_cpd00030_e0
MR1,EX_cpd00099_e0
MR1,rxn05481_c0
MR1,EX_cpd01981_e0
MR1,rxn10336_c0
MR1,rxn01265_c0
MR1,rxn05039_c0
MR1,rxn03087_c0
MR1,rxn00599_c0
MR1,rxn00141_c0
MR1,rxn00467_c0
MR1,rxn05618_c0
MR1,rxn02185_c0
MR1,rxn00979_c0
MR1,rxn00333_c0
MR1,rxn01213_c0
MR1,rxn09427_c0
Magneto,rxn12224_c0
Magneto,rxn01258_c0
Magneto,rxn05039_c0
Magneto,rxn02056_c0
Magneto,rxn02898_c0
Magneto,rxn00127_c0
Magneto,rxn02774_c0
Magneto,rxn00616_c0
Magneto,rxn05618_c0
Magneto,rxn00957_c0
Magneto,rxn02304_c0
Magneto,rxn05104_c0
Magneto,rxn02832_c0
Magneto,rxn02185_c0
Magneto,EX_cpd00030_e0
Magneto,rxn09310_c0
Magneto,rxn03891_c0
Magneto,rxn02831_c0
Magneto,rxn08444_c0
Magneto,EX_cpd00099_e0
Magneto,rxn02404_c0
Magneto,rxn10336_c0
Magneto,rxn03841_c0
Magneto,rxn01406_c0
Magneto,rxn00438_c0
Magneto,rxn05459_c0
Magneto,rxn08348_c0
Magneto,rxn11702_c0
Magneto,rxn12239_c0
Magneto,rxn10213_c0
Magneto,rxn03394_c0
Magneto,rxn13477_c0
Magneto,rxn05231_c0
Magneto,rxn05144_c0
Magneto,rxn05235_c0
Magneto,rxn05293_c0
Magneto,rxn11703_c0
Magneto,rxn10094_c0
Magneto,rxn08333_c0
Magneto,rxn00048_c0
Magneto,rxn05514_c0
Magneto,rxn00742_c0
Magneto,rxn08233_c0
Magneto,EX_cpd00063_e0
Magneto,rxn00134_c0
Magneto,rxn00615_c0
Magneto,rxn01265_c0
Magneto,rxn12008_c0
Magneto,rxn03397_c0
Magneto,rxn00979_c0
Magneto,rxn01257_c0
Magneto,rxn00737_c0
Magneto,rxn00333_c0
Magneto,rxn06075_c0
Magneto,rxn01213_c0
Marino,rxn06023_c0
Marino,rxn01258_c0
Marino,rxn05039_c0
Marino,EX_cpd00254_e0
Marino,rxn02898_c0
Marino,rxn05166_c0
Marino,rxn05618_c0
Marino,rxn02304_c0
Marino,rxn05108_c0
Marino,rxn02832_c0
Marino,EX_cpd00030_e0
Marino,rxn02185_c0
Marino,rxn09310_c0
Marino,rxn03891_c0
Marino,rxn02831_c0
Marino,EX_cpd00099_e0
Marino,rxn03150_c0
Marino,rxn05459_c0
Marino,rxn11702_c0
Marino,rxn02160_c0
Marino,rxn00346_c0
Marino,rxn02897_c0
Marino,rxn13477_c0
Marino,rxn00068_c0
Marino,rxn00467_c0
Marino,rxn11703_c0
Marino,rxn10094_c0
Marino,rxn08333_c0
Marino,EX_cpd15378_e0
Marino,rxn03538_c0
Marino,rxn12376_c0
Marino,rxn08233_c0
Marino,rxn00134_c0
Marino,rxn01265_c0
Marino,rxn12008_c0
Marino,rxn03537_c0
Marino,rxn05616_c0
Marino,rxn03397_c0
Marino,rxn01022_c0
Marino,EX_cpd00149_e0
Marino,rxn00599_c0
Marino,rxn03536_c0
Marino,rxn00979_c0
Marino,rxn01213_c0
Miya,rxn12224_c0
Miya,rxn00420_c0
Miya,rxn01258_c0
Miya,rxn05039_c0
Miya,rxn02898_c0
Miya,rxn01300_c0
Miya,rxn00952_c0
Miya,rxn03167_c0
Miya,rxn02185_c0
Miya,rxn02832_c0
Miya,rxn09310_c0
Miya,rxn00256_c0
Miya,rxn03891_c0
Miya,rxn02831_c0
Miya,rxn10204_c0
Miya,rxn09180_c0
Miya,rxn10336_c0
Miya,rxn03150_c0
Miya,rxn00340_c0
Miya,rxn01972_c0
Miya,rxn00272_c0
Miya,rxn03086_c0
Miya,rxn01790_c0
Miya,rxn02504_c0
Miya,rxn11702_c0
Miya,rxn02212_c0
Miya,rxn11946_c0
Miya,rxn00346_c0
Miya,rxn01303_c0
Miya,rxn12239_c0
Miya,rxn03394_c0
Miya,rxn00224_c0
Miya,rxn13477_c0
Miya,rxn00611_c0
Miya,rxn05144_c0
Miya,rxn05293_c0
Miya,rxn03893_c0
Miya,rxn11703_c0
Miya,rxn08333_c0
Miya,rxn03395_c0
Miya,rxn05514_c0
Miya,rxn00958_c0
Miya,rxn02288_c0
Miya,rxn02914_c0
Miya,rxn03030_c0
Miya,rxn02303_c0
Miya,rxn03393_c0
Miya,rxn01332_c0
Miya,EX_cpd00063_e0
Miya,rxn00134_c0
Miya,rxn04139_c0
Miya,rxn02834_c0
Miya,rxn01265_c0
Miya,rxn12008_c0
Miya,rxn00599_c0
Miya,rxn00979_c0
Miya,rxn00686_c0
Miya,rxn10213_c0
Miya,rxn00737_c0
Miya,rxn05229_c0
Miya,rxn01213_c0
PS,rxn05039_c0
PS,rxn02056_c0
PS,rxn00127_c0
PS,rxn02774_c0
PS,rxn03130_c0
PS,rxn05618_c0
PS,rxn02304_c0
PS,rxn02185_c0
PS,EX_cpd00030_e0
PS,rxn09310_c0
PS,EX_cpd00099_e0
PS,rxn10204_c0
PS,rxn00137_c0
PS,rxn02939_c0
PS,rxn00209_c0
PS,rxn00340_c0
PS,rxn00272_c0
PS,rxn01790_c0
PS,rxn05459_c0
PS,rxn10213_c0
PS,rxn01101_c0
PS,rxn11703_c0
PS,rxn10094_c0
PS,EX_cpd15378_e0
PS,rxn05514_c0
PS,rxn12376_c0
PS,rxn08233_c0
PS,rxn03168_c0
PS,EX_cpd00063_e0
PS,rxn00134_c0
PS,rxn04139_c0
PS,rxn01265_c0
PS,rxn00738_c0
PS,rxn03397_c0
PS,rxn00599_c0
PS,rxn00979_c0
PS,rxn00128_c0
PS,rxn01213_c0
PV4,rxn08233_c0
PV4,EX_cpd00030_e0
PV4,EX_cpd00099_e0
PV4,rxn05481_c0
PV4,EX_cpd01981_e0
PV4,rxn05039_c0
PV4,rxn01265_c0
PV4,rxn03087_c0
PV4,rxn05149_c0
PV4,rxn00599_c0
PV4,rxn00141_c0
PV4,rxn00467_c0
PV4,rxn02185_c0
PV4,rxn00979_c0
PV4,rxn00333_c0
PV4,rxn01213_c0
PV4,rxn09429_c0
Pedo557,rxn12224_c0
Pedo557,rxn00420_c0
Pedo557,rxn01258_c0
Pedo557,rxn01505_c0
Pedo557,rxn06023_c0
Pedo557,rxn05039_c0
Pedo557,rxn10954_c0
Pedo557,rxn02898_c0
Pedo557,rxn01513_c0
Pedo557,rxn02304_c0
Pedo557,rxn02185_c0
Pedo557,rxn02832_c0
Pedo557,rxn09310_c0
Pedo557,rxn09113_c0
Pedo557,rxn03891_c0
Pedo557,rxn02831_c0
Pedo557,rxn05287_c0
Pedo557,EX_cpd00099_e0
Pedo557,rxn05563_c0
Pedo557,rxn00541_c0
Pedo557,rxn10336_c0
Pedo557,rxn03150_c0
Pedo557,rxn08528_c0
Pedo557,EX_cpd00079_e0
Pedo557,rxn01466_c0
Pedo557,rxn00272_c0
Pedo557,rxn00966_c0
Pedo557,rxn08088_c0
Pedo557,rxn01019_c0
Pedo557,rxn11702_c0
Pedo557,rxn03892_c0
Pedo557,rxn11946_c0
Pedo557,rxn08551_c0
Pedo557,rxn03394_c0
Pedo557,rxn02897_c0
Pedo557,rxn05144_c0
Pedo557,rxn00467_c0
Pedo557,rxn03893_c0
Pedo557,rxn11703_c0
Pedo557,rxn03395_c0
Pedo557,rxn08333_c0
Pedo557,EX_cpd15378_e0
Pedo557,rxn05514_c0
Pedo557,rxn03538_c0
Pedo557,rxn12376_c0
Pedo557,rxn00422_c0
Pedo557,rxn00470_c0
Pedo557,rxn08233_c0
Pedo557,rxn03393_c0
Pedo557,rxn00293_c0
Pedo557,rxn01973_c0
Pedo557,EX_cpd00063_e0
Pedo557,rxn04139_c0
Pedo557,rxn01265_c0
Pedo557,rxn12008_c0
Pedo557,rxn00738_c0
Pedo557,rxn03087_c0
Pedo557,rxn03537_c0
Pedo557,rxn00599_c0
Pedo557,rxn03536_c0
Pedo557,rxn00979_c0
Pedo557,rxn00128_c0
Pedo557,rxn00333_c0
Pedo557,rxn01213_c0
Phaeo,rxn00693_c0
Phaeo,rxn01258_c0
Phaeo,rxn05733_c0
Phaeo,rxn02056_c0
Phaeo,rxn05039_c0
Phaeo,EX_cpd00254_e0
Phaeo,rxn02898_c0
Phaeo,rxn02774_c0
Phaeo,rxn05166_c0
Phaeo,rxn02304_c0
Phaeo,rxn02832_c0
Phaeo,rxn02185_c0
Phaeo,rxn09310_c0
Phaeo,rxn03891_c0
Phaeo,rxn02831_c0
Phaeo,EX_cpd00099_e0
Phaeo,rxn02404_c0
Phaeo,rxn10336_c0
Phaeo,rxn03150_c0
Phaeo,rxn00340_c0
Phaeo,rxn01790_c0
Phaeo,rxn05459_c0
Phaeo,rxn11702_c0
Phaeo,rxn12239_c0
Phaeo,rxn03394_c0
Phaeo,rxn13477_c0
Phaeo,rxn00068_c0
Phaeo,rxn05144_c0
Phaeo,rxn05235_c0
Phaeo,rxn11703_c0
Phaeo,rxn10094_c0
Phaeo,rxn08333_c0
Phaeo,rxn05514_c0
Phaeo,rxn00958_c0
Phaeo,rxn08233_c0
Phaeo,rxn03393_c0
Phaeo,EX_cpd00063_e0
Phaeo,rxn12008_c0
Phaeo,rxn00738_c0
Phaeo,rxn00128_c0
Phaeo,rxn05616_c0
Phaeo,rxn03397_c0
Phaeo,EX_cpd00149_e0
Phaeo,rxn01539_c0
Phaeo,rxn00979_c0
Phaeo,rxn10213_c0
Phaeo,rxn01213_c0
Phaeo,rxn01508_c0
Putida,rxn01258_c0
Putida,rxn05039_c0
Putida,rxn02898_c0
Putida,rxn05618_c0
Putida,rxn01513_c0
Putida,rxn02304_c0
Putida,rxn03167_c0
Putida,rxn02832_c0
Putida,EX_cpd00030_e0
Putida,rxn02185_c0
Putida,rxn09310_c0
Putida,rxn03891_c0
Putida,rxn02831_c0
Putida,EX_cpd00099_e0
Putida,rxn11702_c0
Putida,rxn13477_c0
Putida,rxn00068_c0
Putida,rxn11703_c0
Putida,rxn10094_c0
Putida,rxn08333_c0
Putida,EX_cpd15378_e0
Putida,rxn05514_c0
Putida,rxn12376_c0
Putida,rxn08233_c0
Putida,rxn04139_c0
Putida,EX_cpd00063_e0
Putida,rxn12008_c0
Putida,rxn03397_c0
Putida,rxn00599_c0
Putida,rxn00979_c0
Putida,rxn10213_c0
Putida,rxn01213_c0
Putida,rxn09427_c0
SB2B,rxn08233_c0
SB2B,EX_cpd00030_e0
SB2B,EX_cpd00099_e0
SB2B,rxn05481_c0
SB2B,EX_cpd01981_e0
SB2B,rxn05039_c0
SB2B,rxn01265_c0
SB2B,rxn03087_c0
SB2B,rxn00599_c0
SB2B,rxn00141_c0
SB2B,rxn00467_c0
SB2B,rxn05618_c0
SB2B,rxn02185_c0
SB2B,rxn00979_c0
SB2B,rxn00333_c0
SB2B,rxn01213_c0
SB2B,rxn09429_c0
Smeli,rxn01258_c0
Smeli,rxn05039_c0
Smeli,rxn02898_c0
Smeli,rxn02304_c0
Smeli,rxn02832_c0
Smeli,rxn02185_c0
Smeli,rxn09310_c0
Smeli,rxn03891_c0
Smeli,rxn02831_c0
Smeli,EX_cpd00099_e0
Smeli,rxn02404_c0
Smeli,rxn03150_c0
Smeli,rxn01790_c0
Smeli,rxn05459_c0
Smeli,rxn11702_c0
Smeli,rxn12239_c0
Smeli,rxn09128_c0
Smeli,rxn03394_c0
Smeli,rxn13477_c0
Smeli,rxn00068_c0
Smeli,rxn05144_c0
Smeli,rxn11703_c0
Smeli,rxn10094_c0
Smeli,rxn08333_c0
Smeli,rxn09106_c0
Smeli,rxn00958_c0
Smeli,rxn08233_c0
Smeli,rxn12008_c0
Smeli,rxn03087_c0
Smeli,rxn03397_c0
Smeli,rxn01539_c0
Smeli,rxn00979_c0
Smeli,rxn05235_c0
Smeli,rxn01213_c0
Smeli,rxn01508_c0
Variovorax_OAS795,rxn12224_c0
Variovorax_OAS795,rxn01258_c0
Variovorax_OAS795,rxn02056_c0
Variovorax_OAS795,rxn05039_c0
Variovorax_OAS795,rxn00800_c0
Variovorax_OAS795,rxn02898_c0
Variovorax_OAS795,rxn02774_c0
Variovorax_OAS795,rxn00957_c0
Variovorax_OAS795,rxn02304_c0
Variovorax_OAS795,rxn02832_c0
Variovorax_OAS795,rxn02185_c0
Variovorax_OAS795,rxn09310_c0
Variovorax_OAS795,rxn02831_c0
Variovorax_OAS795,EX_cpd01981_e0
Variovorax_OAS795,rxn02939_c0
Variovorax_OAS795,rxn00137_c0
Variovorax_OAS795,rxn03841_c0
Variovorax_OAS795,rxn00340_c0
Variovorax_OAS795,rxn05459_c0
Variovorax_OAS795,rxn11702_c0
Variovorax_OAS795,rxn03439_c0
Variovorax_OAS795,rxn11946_c0
Variovorax_OAS795,rxn12239_c0
Variovorax_OAS795,rxn03394_c0
Variovorax_OAS795,rxn03182_c0
Variovorax_OAS795,rxn11703_c0
Variovorax_OAS795,rxn03395_c0
Variovorax_OAS795,rxn10094_c0
Variovorax_OAS795,rxn08333_c0
Variovorax_OAS795,rxn05514_c0
Variovorax_OAS795,rxn03136_c0
Variovorax_OAS795,rxn03393_c0
Variovorax_OAS795,rxn05481_c0
Variovorax_OAS795,EX_cpd00063_e0
Variovorax_OAS795,rxn00134_c0
Variovorax_OAS795,rxn03397_c0
Variovorax_OAS795,rxn00599_c0
Variovorax_OAS795,rxn00979_c0
Variovorax_OAS795,rxn01331_c0
Variovorax_OAS795,rxn01213_c0
WCS417,rxn05039_c0
WCS417,rxn02898_c0
WCS417,rxn02304_c0
WCS417,rxn02832_c0
WCS417,rxn02185_c0
WCS417,rxn09310_c0
WCS417,rxn03891_c0
WCS417,rxn02831_c0
WCS417,rxn11702_c0
WCS417,rxn09149_c0
WCS417,rxn13477_c0
WCS417,rxn11703_c0
WCS417,rxn10094_c0
WCS417,rxn08333_c0
WCS417,EX_cpd15378_e0
WCS417,rxn09106_c0
WCS417,rxn12376_c0
WCS417,rxn04139_c0
WCS417,rxn12008_c0
WCS417,rxn03397_c0
WCS417,rxn00599_c0
WCS417,rxn00979_c0
WCS417,rxn00333_c0
WCS417,rxn01213_c0
WCS417,rxn09427_c0
acidovorax_3H11,rxn12224_c0
acidovorax_3H11,rxn01258_c0
acidovorax_3H11,rxn02056_c0
acidovorax_3H11,rxn05039_c0
acidovorax_3H11,rxn02898_c0
acidovorax_3H11,rxn02774_c0
acidovorax_3H11,rxn05618_c0
acidovorax_3H11,rxn00957_c0
acidovorax_3H11,rxn02304_c0
acidovorax_3H11,rxn02832_c0
acidovorax_3H11,EX_cpd00030_e0
acidovorax_3H11,rxn02185_c0
acidovorax_3H11,rxn09310_c0
acidovorax_3H11,rxn02831_c0
acidovorax_3H11,EX_cpd00099_e0
acidovorax_3H11,rxn10204_c0
acidovorax_3H11,EX_cpd01981_e0
acidovorax_3H11,rxn00137_c0
acidovorax_3H11,rxn05459_c0
acidovorax_3H11,rxn11702_c0
acidovorax_3H11,rxn12239_c0
acidovorax_3H11,rxn03394_c0
acidovorax_3H11,rxn05144_c0
acidovorax_3H11,rxn11703_c0
acidovorax_3H11,rxn10094_c0
acidovorax_3H11,rxn08333_c0
acidovorax_3H11,rxn05514_c0
acidovorax_3H11,rxn08233_c0
acidovorax_3H11,rxn05481_c0
acidovorax_3H11,EX_cpd00063_e0
acidovorax_3H11,rxn00134_c0
acidovorax_3H11,rxn03397_c0
acidovorax_3H11,rxn00599_c0
acidovorax_3H11,rxn00979_c0
acidovorax_3H11,rxn10213_c0
acidovorax_3H11,rxn01213_c0
azobra,rxn00693_c0
azobra,rxn01258_c0
azobra,rxn05039_c0
azobra,rxn02898_c0
azobra,rxn00863_c0
azobra,rxn03901_c0
azobra,rxn04113_c0
azobra,rxn01739_c0
azobra,rxn08352_c0
azobra,rxn04786_c0
azobra,rxn02304_c0
azobra,rxn03408_c0
azobra,rxn02832_c0
azobra,rxn03167_c0
azobra,rxn02185_c0
azobra,rxn09113_c0
azobra,rxn03891_c0
azobra,rxn02831_c0
azobra,rxn09310_c0
azobra,EX_cpd00099_e0
azobra,rxn10204_c0
azobra,rxn02404_c0
azobra,rxn10336_c0
azobra,rxn00272_c0
azobra,rxn05459_c0
azobra,rxn11702_c0
azobra,rxn12510_c0
azobra,rxn02402_c0
azobra,rxn12239_c0
azobra,rxn03394_c0
azobra,rxn00224_c0
azobra,rxn13477_c0
azobra,rxn09210_c0
azobra,rxn05144_c0
azobra,rxn11703_c0
azobra,rxn10094_c0
azobra,rxn08333_c0
azobra,rxn09106_c0
azobra,rxn05514_c0
azobra,rxn00958_c0
azobra,rxn00742_c0
azobra,rxn02914_c0
azobra,rxn08233_c0
azobra,rxn04139_c0
azobra,rxn02159_c0
azobra,rxn12008_c0
azobra,rxn00134_c0
azobra,EX_cpd00063_e0
azobra,rxn07465_c0
azobra,rxn03146_c0
azobra,rxn03397_c0
azobra,rxn00979_c0
azobra,rxn10213_c0
azobra,rxn00737_c0
azobra,rxn01213_c0
psRCH2,rxn01258_c0
psRCH2,rxn01637_c0
psRCH2,rxn05039_c0
psRCH2,rxn02898_c0
psRCH2,rxn05618_c0
psRCH2,rxn02304_c0
psRCH2,rxn02832_c0
psRCH2,EX_cpd00030_e0
psRCH2,rxn02185_c0
psRCH2,rxn09310_c0
psRCH2,rxn03891_c0
psRCH2,rxn02831_c0
psRCH2,EX_cpd00099_e0
psRCH2,rxn05459_c0
psRCH2,rxn11702_c0
psRCH2,rxn09149_c0
psRCH2,rxn13477_c0
psRCH2,rxn00068_c0
psRCH2,rxn11703_c0
psRCH2,rxn10094_c0
psRCH2,rxn08333_c0
psRCH2,EX_cpd15378_e0
psRCH2,rxn12376_c0
psRCH2,rxn08233_c0
psRCH2,rxn04139_c0
psRCH2,rxn12008_c0
psRCH2,rxn03397_c0
psRCH2,rxn00599_c0
psRCH2,rxn00979_c0
psRCH2,rxn01213_c0
pseudo13_GW456_L13,rxn01258_c0
pseudo13_GW456_L13,rxn05039_c0
pseudo13_GW456_L13,rxn02898_c0
pseudo13_GW456_L13,rxn05149_c0
pseudo13_GW456_L13,rxn02304_c0
pseudo13_GW456_L13,rxn02832_c0
pseudo13_GW456_L13,EX_cpd00030_e0
pseudo13_GW456_L13,rxn02185_c0
pseudo13_GW456_L13,rxn09310_c0
pseudo13_GW456_L13,rxn03891_c0
pseudo13_GW456_L13,rxn02831_c0
pseudo13_GW456_L13,EX_cpd00099_e0
pseudo13_GW456_L13,rxn05459_c0
pseudo13_GW456_L13,rxn11702_c0
pseudo13_GW456_L13,rxn09149_c0
pseudo13_GW456_L13,rxn13477_c0
pseudo13_GW456_L13,rxn00068_c0
pseudo13_GW456_L13,rxn11703_c0
pseudo13_GW456_L13,rxn10094_c0
pseudo13_GW456_L13,rxn08333_c0
pseudo13_GW456_L13,EX_cpd15378_e0
pseudo13_GW456_L13,rxn05514_c0
pseudo13_GW456_L13,rxn12376_c0
pseudo13_GW456_L13,rxn08233_c0
pseudo13_GW456_L13,rxn04139_c0
pseudo13_GW456_L13,EX_cpd00063_e0
pseudo13_GW456_L13,rxn12008_c0
pseudo13_GW456_L13,rxn03397_c0
pseudo13_GW456_L13,rxn01022_c0
pseudo13_GW456_L13,rxn00599_c0
pseudo13_GW456_L13,rxn00333_c0
pseudo13_GW456_L13,rxn01213_c0
pseudo1_N1B4,rxn01258_c0
pseudo1_N1B4,rxn05039_c0
pseudo1_N1B4,rxn02898_c0
pseudo1_N1B4,rxn05618_c0
pseudo1_N1B4,rxn00952_c0
pseudo1_N1B4,rxn02304_c0
pseudo1_N1B4,rxn02832_c0
pseudo1_N1B4,EX_cpd00030_e0
pseudo1_N1B4,rxn02185_c0
pseudo1_N1B4,rxn00774_c0
pseudo1_N1B4,rxn03891_c0
pseudo1_N1B4,rxn02831_c0
pseudo1_N1B4,rxn09310_c0
pseudo1_N1B4,EX_cpd00099_e0
pseudo1_N1B4,rxn00770_c0
pseudo1_N1B4,rxn05459_c0
pseudo1_N1B4,rxn11702_c0
pseudo1_N1B4,rxn12510_c0
pseudo1_N1B4,rxn13477_c0
pseudo1_N1B4,rxn00068_c0
pseudo1_N1B4,rxn11703_c0
pseudo1_N1B4,rxn10094_c0
pseudo1_N1B4,rxn08333_c0
pseudo1_N1B4,EX_cpd15378_e0
pseudo1_N1B4,rxn05514_c0
pseudo1_N1B4,rxn12376_c0
pseudo1_N1B4,rxn08233_c0
pseudo1_N1B4,rxn04139_c0
pseudo1_N1B4,rxn00134_c0
pseudo1_N1B4,rxn12008_c0
pseudo1_N1B4,EX_cpd00063_e0
pseudo1_N1B4,rxn03397_c0
pseudo1_N1B4,rxn00599_c0
pseudo1_N1B4,rxn10213_c0
pseudo1_N1B4,rxn01213_c0
pseudo3_N2E3,rxn05039_c0
pseudo3_N2E3,rxn02898_c0
pseudo3_N2E3,rxn02304_c0
pseudo3_N2E3,rxn02832_c0
pseudo3_N2E3,rxn02185_c0
pseudo3_N2E3,rxn09310_c0
pseudo3_N2E3,rxn03891_c0
pseudo3_N2E3,rxn02831_c0
pseudo3_N2E3,EX_cpd00099_e0
pseudo3_N2E3,rxn00340_c0
pseudo3_N2E3,rxn05459_c0
pseudo3_N2E3,rxn11702_c0
pseudo3_N2E3,rxn13477_c0
pseudo3_N2E3,rxn11703_c0
pseudo3_N2E3,rxn10094_c0
pseudo3_N2E3,rxn08333_c0
pseudo3_N2E3,EX_cpd15378_e0
pseudo3_N2E3,rxn05514_c0
pseudo3_N2E3,rxn12376_c0
pseudo3_N2E3,rxn08233_c0
pseudo3_N2E3,rxn04139_c0
pseudo3_N2E3,EX_cpd00063_e0
pseudo3_N2E3,rxn12008_c0
pseudo3_N2E3,rxn03397_c0
pseudo3_N2E3,rxn01022_c0
pseudo3_N2E3,rxn00599_c0
pseudo3_N2E3,rxn00979_c0
pseudo3_N2E3,rxn10213_c0
pseudo3_N2E3,rxn01213_c0
pseudo5_N2C3_1,rxn01258_c0
pseudo5_N2C3_1,rxn05039_c0
pseudo5_N2C3_1,rxn02898_c0
pseudo5_N2C3_1,rxn05618_c0
pseudo5_N2C3_1,rxn02304_c0
pseudo5_N2C3_1,rxn02832_c0
pseudo5_N2C3_1,EX_cpd00030_e0
pseudo5_N2C3_1,rxn02185_c0
pseudo5_N2C3_1,rxn09310_c0
pseudo5_N2C3_1,rxn03891_c0
pseudo5_N2C3_1,rxn02831_c0
pseudo5_N2C3_1,EX_cpd00099_e0
pseudo5_N2C3_1,rxn02264_c0
pseudo5_N2C3_1,rxn05459_c0
pseudo5_N2C3_1,rxn11702_c0
pseudo5_N2C3_1,rxn09128_c0
pseudo5_N2C3_1,rxn13477_c0
pseudo5_N2C3_1,rxn00068_c0
pseudo5_N2C3_1,rxn11703_c0
pseudo5_N2C3_1,rxn10094_c0
pseudo5_N2C3_1,rxn08333_c0
pseudo5_N2C3_1,EX_cpd15378_e0
pseudo5_N2C3_1,rxn12376_c0
pseudo5_N2C3_1,rxn08233_c0
pseudo5_N2C3_1,rxn04139_c0
pseudo5_N2C3_1,rxn12008_c0
pseudo5_N2C3_1,rxn03397_c0
pseudo5_N2C3_1,rxn00599_c0
pseudo5_N2C3_1,rxn01213_c0
pseudo6_N2E2,rxn01258_c0
pseudo6_N2E2,rxn05039_c0
pseudo6_N2E2,rxn02898_c0
pseudo6_N2E2,rxn05618_c0
pseudo6_N2E2,rxn02304_c0
pseudo6_N2E2,rxn02832_c0
pseudo6_N2E2,EX_cpd00030_e0
pseudo6_N2E2,rxn02185_c0
pseudo6_N2E2,rxn09310_c0
pseudo6_N2E2,rxn03891_c0
pseudo6_N2E2,rxn02831_c0
pseudo6_N2E2,EX_cpd00099_e0
pseudo6_N2E2,rxn02264_c0
pseudo6_N2E2,rxn05459_c0
pseudo6_N2E2,rxn11702_c0
pseudo6_N2E2,rxn09128_c0
pseudo6_N2E2,rxn13477_c0
pseudo6_N2E2,rxn00068_c0
pseudo6_N2E2,rxn11703_c0
pseudo6_N2E2,rxn10094_c0
pseudo6_N2E2,rxn08333_c0
pseudo6_N2E2,EX_cpd15378_e0
pseudo6_N2E2,rxn12376_c0
pseudo6_N2E2,rxn08233_c0
pseudo6_N2E2,rxn04139_c0
pseudo6_N2E2,rxn12008_c0
pseudo6_N2E2,rxn03397_c0
pseudo6_N2E2,rxn00599_c0
pseudo6_N2E2,rxn01213_c0
rhodanobacter_10B01,rxn00420_c0
rhodanobacter_10B01,rxn06023_c0
rhodanobacter_10B01,rxn01258_c0
rhodanobacter_10B01,rxn05039_c0
rhodanobacter_10B01,rxn02898_c0
rhodanobacter_10B01,rxn00957_c0
rhodanobacter_10B01,rxn05108_c0
rhodanobacter_10B01,rxn02832_c0
rhodanobacter_10B01,rxn03108_c0
rhodanobacter_10B01,rxn02185_c0
rhodanobacter_10B01,rxn09310_c0
rhodanobacter_10B01,rxn02831_c0
rhodanobacter_10B01,rxn03150_c0
rhodanobacter_10B01,rxn05153_c0
rhodanobacter_10B01,EX_cpd00034_e0
rhodanobacter_10B01,rxn11702_c0
rhodanobacter_10B01,rxn09429_c0
rhodanobacter_10B01,rxn12239_c0
rhodanobacter_10B01,rxn00193_c0
rhodanobacter_10B01,rxn02897_c0
rhodanobacter_10B01,EX_cpd00048_e0
rhodanobacter_10B01,rxn05144_c0
rhodanobacter_10B01,rxn08131_c0
rhodanobacter_10B01,rxn11703_c0
rhodanobacter_10B01,rxn10094_c0
rhodanobacter_10B01,rxn08333_c0
rhodanobacter_10B01,rxn05514_c0
rhodanobacter_10B01,rxn03538_c0
rhodanobacter_10B01,rxn03393_c0
rhodanobacter_10B01,rxn04139_c0
rhodanobacter_10B01,EX_cpd00063_e0
rhodanobacter_10B01,rxn05150_c0
rhodanobacter_10B01,rxn03087_c0
rhodanobacter_10B01,rxn03537_c0
rhodanobacter_10B01,rxn03397_c0
rhodanobacter_10B01,rxn00599_c0
rhodanobacter_10B01,rxn03536_c0
rhodanobacter_10B01,rxn00979_c0
rhodanobacter_10B01,rxn00333_c0
rhodanobacter_10B01,rxn01213_c0
